aero_motif_idx,eeg_motif_idx,spectral_dist,dtw_dist,wasserstein_dist
0,0,0.2743984525639289,1.7929980324338886,0.1179359783172774
0,1,0.2819331584695798,1.218604048405191,0.10177031766264517
0,2,0.35664512234735685,1.6466232408151886,0.15204747869036236
0,3,0.35664512234735685,1.6252720891467325,0.16251726997064445
0,4,0.35664512234735685,1.6252720891467325,0.16252521301897924
0,5,0.35664512234735685,1.6252720891467325,0.16252005181470597
0,6,0.35664512234735685,1.6252720891467325,0.16251794593436336
0,7,0.35664512234735685,1.6252720891467325,0.16251697629046372
0,8,0.35664512234735685,1.6252720891467325,0.1625250709814076
0,9,0.35664512234735685,1.6252720891467325,0.16251803323759806
0,10,0.35664512234735685,1.6252720891467325,0.16252265141532884
0,11,0.35664512234735685,1.6252720891467325,0.16251989603872552
0,12,0.35664512234735685,1.6252720891467325,0.16252111964205018
0,13,0.35664512234735685,1.6252720891467325,0.1625246463093606
0,14,0.35664512234735685,1.6252720891467325,0.16251806970032584
0,15,0.35664512234735685,1.6252720891467325,0.1625212031634428
0,16,0.35664512234735685,1.6252720891467325,0.16252184351923316
0,17,0.35664512234735685,1.6252720891467325,0.16252343522765003
0,18,0.35664512234735685,1.6252720891467325,0.16251836325315872
1,0,0.40216567008953835,2.3638235158200884,0.25868102874849697
1,1,0.07471196387777704,0.5159606890321514,0.05618552806843326
1,2,0.0,0.11566341153393289,0.008585241557695845
1,3,0.0,0.09261936621072397,0.009264825531063848
1,4,0.0,0.09261936621072397,0.009268957702811553
1,5,0.0,0.09261936621072397,0.00926696521975834
1,6,0.0,0.09261936621072397,0.009264542897931306
1,7,0.0,0.09261936621072397,0.0092592130775642
1,8,0.0,0.09261936621072397,0.009262721579581659
1,9,0.0,0.09261936621072397,0.009261819164915763
1,10,0.0,0.09261936621072397,0.009263009063887374
1,11,0.0,0.09261936621072397,0.00925850228227244
1,12,0.0,0.09261936621072397,0.00926393072506566
1,13,0.0,0.09261936621072397,0.009262258006389435
1,14,0.0,0.09261936621072397,0.00926116702732065
1,15,0.0,0.09261936621072397,0.009265117828376569
1,16,0.0,0.09261936621072397,0.009263526939410361
1,17,0.0,0.09261936621072397,0.009266126974150248
1,18,0.0,0.09261936621072397,0.00926096778621769
2,0,0.40216567008953835,2.6794710600388987,0.26794009588475093
2,1,0.07471196387777704,0.6544006378818866,0.06543952239959361
2,2,0.0,0.10480743735499887,0.01047678639768297
2,3,0.0,0.0,9.101981538917059e-06
2,4,0.0,0.0,7.065798234251463e-06
2,5,0.0,0.0,4.512274930046357e-06
2,6,0.0,0.0,2.2498820304028837e-06
2,7,0.0,0.0,5.27865239128289e-06
2,8,0.0,0.0,4.28716088199943e-06
2,9,0.0,0.0,3.21217833572085e-06
2,10,0.0,0.0,3.7546500463836454e-06
2,11,0.0,0.0,8.663819466847578e-06
2,12,0.0,0.0,3.027387946996641e-06
2,13,0.0,0.0,4.264669410836142e-06
2,14,0.0,0.0,4.9671136095885684e-06
2,15,0.0,0.0,1.2632928603428795e-06
2,16,0.0,0.0,4.833134350801238e-06
2,17,0.0,0.0,7.1753748958180975e-06
2,18,0.0,0.0,5.1749721294291895e-06
3,0,0.40216567008953835,2.6794710600388987,0.26794425451552856
3,1,0.07471196387777704,0.6544006378818866,0.0654375626812638
3,2,0.0,0.10480743735499887,0.010478687192138392
3,3,0.0,0.0,4.125044720659776e-06
3,4,0.0,0.0,4.110754912878267e-06
3,5,0.0,0.0,2.1263451553621416e-06
3,6,0.0,0.0,2.6137676376603025e-06
3,7,0.0,0.0,4.069563471686965e-06
3,8,0.0,0.0,5.602881007993332e-06
3,9,0.0,0.0,1.0057278609076904e-05
3,10,0.0,0.0,4.8338819948368085e-06
3,11,0.0,0.0,7.390867368917143e-06
3,12,0.0,0.0,3.855927644824675e-06
3,13,0.0,0.0,2.8281381775352443e-06
3,14,0.0,0.0,3.150202933532853e-06
3,15,0.0,0.0,3.990497153838479e-06
3,16,0.0,0.0,2.4035529151200662e-06
3,17,0.0,0.0,4.886018074978793e-06
3,18,0.0,0.0,5.607033685517404e-06
4,0,0.40216567008953835,2.6794710600388987,0.26794621641379435
4,1,0.07471196387777704,0.6544006378818866,0.06543543139237337
4,2,0.0,0.10480743735499887,0.010474636413324781
4,3,0.0,0.0,6.325192286249502e-06
4,4,0.0,0.0,5.433660037490462e-06
4,5,0.0,0.0,3.1032129721220153e-06
4,6,0.0,0.0,6.034354215933569e-06
4,7,0.0,0.0,3.861530278737036e-06
4,8,0.0,0.0,6.790383196730865e-06
4,9,0.0,0.0,5.961527053610637e-06
4,10,0.0,0.0,8.708809100310688e-06
4,11,0.0,0.0,7.436518447034857e-06
4,12,0.0,0.0,4.121799814615912e-06
4,13,0.0,0.0,4.475865721709216e-06
4,14,0.0,0.0,9.594584761274396e-06
4,15,0.0,0.0,4.452460282478031e-06
4,16,0.0,0.0,3.3139870896037312e-06
4,17,0.0,0.0,7.095662637701672e-06
4,18,0.0,0.0,4.41336638915546e-06
5,0,0.40216567008953835,2.6794710600388987,0.2679392450553275
5,1,0.07471196387777704,0.6544006378818866,0.06543378965643448
5,2,0.0,0.10480743735499887,0.010483016966083248
5,3,0.0,0.0,3.1371381075673277e-06
5,4,0.0,0.0,3.330758623842911e-06
5,5,0.0,0.0,2.7823212387811937e-06
5,6,0.0,0.0,4.165643730036361e-06
5,7,0.0,0.0,1.0512506622895047e-05
5,8,0.0,0.0,4.453595909548192e-06
5,9,0.0,0.0,6.033358920232158e-06
5,10,0.0,0.0,4.671444718218343e-06
5,11,0.0,0.0,8.599825398603045e-06
5,12,0.0,0.0,6.583218529354618e-06
5,13,0.0,0.0,5.993008025051427e-06
5,14,0.0,0.0,2.1299555167941797e-06
5,15,0.0,0.0,3.730583816163868e-06
5,16,0.0,0.0,9.5186451189444e-06
5,17,0.0,0.0,9.029329682730405e-06
5,18,0.0,0.0,3.4694435875559653e-06
6,0,0.40216567008953835,2.6794710600388987,0.26794399595158697
6,1,0.07471196387777704,0.6544006378818866,0.0654372792208219
6,2,0.0,0.10480743735499887,0.010480693208896408
6,3,0.0,0.0,2.5461712912178133e-06
6,4,0.0,0.0,1.887652574772414e-06
6,5,0.0,0.0,2.791413250025076e-06
6,6,0.0,0.0,6.280710722983418e-06
6,7,0.0,0.0,9.337318613877874e-06
6,8,0.0,0.0,3.4868490340067555e-06
6,9,0.0,0.0,6.280461155205863e-06
6,10,0.0,0.0,4.224821675413715e-06
6,11,0.0,0.0,4.667442484618256e-06
6,12,0.0,0.0,5.589466839117651e-06
6,13,0.0,0.0,5.186559813119551e-06
6,14,0.0,0.0,2.8242682194812297e-06
6,15,0.0,0.0,3.128752383585454e-06
6,16,0.0,0.0,4.095462341258126e-06
6,17,0.0,0.0,3.329369085469658e-06
6,18,0.0,0.0,1.0069163646075909e-05
7,0,0.40216567008953835,2.6794710600388987,0.26794413207270323
7,1,0.07471196387777704,0.6544006378818866,0.06544125478867271
7,2,0.0,0.10480743735499887,0.01048535755811636
7,3,0.0,0.0,4.998281422707862e-06
7,4,0.0,0.0,5.958346138412728e-06
7,5,0.0,0.0,4.7138146785141725e-06
7,6,0.0,0.0,3.825298058679483e-06
7,7,0.0,0.0,8.639567700929885e-06
7,8,0.0,0.0,4.080497040792608e-06
7,9,0.0,0.0,3.6980786264129146e-06
7,10,0.0,0.0,2.7200161186624603e-06
7,11,0.0,0.0,6.174615771648017e-06
7,12,0.0,0.0,6.128529700333285e-06
7,13,0.0,0.0,9.512866148519984e-06
7,14,0.0,0.0,2.4323383291280367e-06
7,15,0.0,0.0,4.9044586932778245e-06
7,16,0.0,0.0,7.1536531984883734e-06
7,17,0.0,0.0,3.9234384288433505e-06
7,18,0.0,0.0,6.711838874184917e-06
8,0,0.40216567008953835,2.6794710600388987,0.2679366913820389
8,1,0.07471196387777704,0.6544006378818866,0.06543493331674627
8,2,0.0,0.10480743735499887,0.010475378273011413
8,3,0.0,0.0,3.0214944519824092e-06
8,4,0.0,0.0,4.533495318026493e-06
8,5,0.0,0.0,3.9857734079107305e-06
8,6,0.0,0.0,2.962080091872821e-06
8,7,0.0,0.0,5.5439138739732385e-06
8,8,0.0,0.0,6.600547168622572e-06
8,9,0.0,0.0,3.6026594933846743e-06
8,10,0.0,0.0,2.6101268941092217e-06
8,11,0.0,0.0,4.025835764931429e-06
8,12,0.0,0.0,4.443596404934969e-06
8,13,0.0,0.0,2.98173282967662e-06
8,14,0.0,0.0,5.723715862926414e-06
8,15,0.0,0.0,4.502071319278933e-06
8,16,0.0,0.0,3.832850093499207e-06
8,17,0.0,0.0,5.285233379637157e-06
8,18,0.0,0.0,2.7262662413374273e-06
9,0,0.40216567008953835,2.6794710600388987,0.267944675241669
9,1,0.07471196387777704,0.6544006378818866,0.06543213356733507
9,2,0.0,0.10480743735499887,0.010481068411319173
9,3,0.0,0.0,5.357954777140961e-06
9,4,0.0,0.0,4.17456130779037e-06
9,5,0.0,0.0,5.249075660362923e-06
9,6,0.0,0.0,3.818122564858139e-06
9,7,0.0,0.0,4.095030084227958e-06
9,8,0.0,0.0,4.54695080701617e-06
9,9,0.0,0.0,3.2169380653757074e-06
9,10,0.0,0.0,3.2764744535285217e-06
9,11,0.0,0.0,3.734289269385904e-06
9,12,0.0,0.0,2.9900990783815466e-06
9,13,0.0,0.0,2.09709576217687e-06
9,14,0.0,0.0,4.667055566043298e-06
9,15,0.0,0.0,9.771235141142755e-06
9,16,0.0,0.0,3.0241328447422335e-06
9,17,0.0,0.0,3.319761785625097e-06
9,18,0.0,0.0,3.975187650051559e-06
10,0,0.40216567008953835,2.6794710600388987,0.2679419595337378
10,1,0.07471196387777704,0.6544006378818866,0.0654354787905298
10,2,0.0,0.10480743735499887,0.010480521358694117
10,3,0.0,0.0,3.9200642999337456e-06
10,4,0.0,0.0,3.975305268433261e-06
10,5,0.0,0.0,4.073721517794393e-06
10,6,0.0,0.0,7.076538816985778e-06
10,7,0.0,0.0,4.312280379881184e-06
10,8,0.0,0.0,3.838853138404819e-06
10,9,0.0,0.0,4.650835518860142e-06
10,10,0.0,0.0,3.871849838432695e-06
10,11,0.0,0.0,3.823041053119258e-06
10,12,0.0,0.0,3.1373983925275795e-06
10,13,0.0,0.0,4.930320837803759e-06
10,14,0.0,0.0,5.110212723935525e-06
10,15,0.0,0.0,1.3233811346147206e-05
10,16,0.0,0.0,3.145876060262066e-06
10,17,0.0,0.0,3.832510530177303e-06
10,18,0.0,0.0,6.890730724562478e-06
11,0,0.40216567008953835,2.6794710600388987,0.26794892387394553
11,1,0.07471196387777704,0.6544006378818866,0.06543793797369934
11,2,0.0,0.10480743735499887,0.01047368744738445
11,3,0.0,0.0,4.457319210182664e-06
11,4,0.0,0.0,3.830148508721098e-06
11,5,0.0,0.0,3.3772698656453494e-06
11,6,0.0,0.0,6.242338756679011e-06
11,7,0.0,0.0,2.2239123060097125e-06
11,8,0.0,0.0,3.818259782606414e-06
11,9,0.0,0.0,4.781270859199882e-06
11,10,0.0,0.0,5.723885928798911e-06
11,11,0.0,0.0,4.951366055694352e-06
11,12,0.0,0.0,6.2208170069189e-06
11,13,0.0,0.0,2.3503606217278873e-06
11,14,0.0,0.0,3.903051581299887e-06
11,15,0.0,0.0,4.0611150397107386e-06
11,16,0.0,0.0,6.173676068921274e-06
11,17,0.0,0.0,2.4451557633198283e-06
11,18,0.0,0.0,1.8462714438616249e-06
12,0,0.40216567008953835,2.6794710600388987,0.2679400278004793
12,1,0.07471196387777704,0.6544006378818866,0.06543316534491862
12,2,0.0,0.10480743735499887,0.010478069531904355
12,3,0.0,0.0,8.938149570969501e-06
12,4,0.0,0.0,4.0509071766781086e-06
12,5,0.0,0.0,4.338987600327471e-06
12,6,0.0,0.0,1.5382481546755146e-06
12,7,0.0,0.0,6.256241832092169e-06
12,8,0.0,0.0,8.178960841009885e-06
12,9,0.0,0.0,6.134845174432523e-06
12,10,0.0,0.0,4.8820652226333465e-06
12,11,0.0,0.0,4.866918270440834e-06
12,12,0.0,0.0,4.781596997960325e-06
12,13,0.0,0.0,3.999033994861456e-06
12,14,0.0,0.0,2.807011767369527e-06
12,15,0.0,0.0,3.954263948768854e-06
12,16,0.0,0.0,4.626783701577874e-06
12,17,0.0,0.0,3.410200225706372e-06
12,18,0.0,0.0,3.943197860356573e-06
13,0,0.40216567008953835,2.6794710600388987,0.2679425482053267
13,1,0.07471196387777704,0.6544006378818866,0.06542988561811663
13,2,0.0,0.10480743735499887,0.010473548788726018
13,3,0.0,0.0,6.234089815082555e-06
13,4,0.0,0.0,3.570628898585948e-06
13,5,0.0,0.0,3.363774611131464e-06
13,6,0.0,0.0,3.034385601330403e-06
13,7,0.0,0.0,8.965196023480449e-06
13,8,0.0,0.0,5.839580928446164e-06
13,9,0.0,0.0,6.316162649355749e-06
13,10,0.0,0.0,3.312455276105464e-06
13,11,0.0,0.0,6.243467032884808e-06
13,12,0.0,0.0,2.73446938983124e-06
13,13,0.0,0.0,3.6915931360348436e-06
13,14,0.0,0.0,3.3581307908203677e-06
13,15,0.0,0.0,7.941119874410597e-06
13,16,0.0,0.0,3.1343245672443843e-06
13,17,0.0,0.0,6.636954114691563e-06
13,18,0.0,0.0,4.524402852101873e-06
14,0,0.40216567008953835,2.6794710600388987,0.26794959930270273
14,1,0.07471196387777704,0.6544006378818866,0.06543258446051994
14,2,0.0,0.10480743735499887,0.010479316123310102
14,3,0.0,0.0,2.7938291211837552e-06
14,4,0.0,0.0,2.5401076557907137e-06
14,5,0.0,0.0,7.1186919496479815e-06
14,6,0.0,0.0,5.9613512960243765e-06
14,7,0.0,0.0,2.0553112432764032e-06
14,8,0.0,0.0,5.647076878245726e-06
14,9,0.0,0.0,3.5874329438190244e-06
14,10,0.0,0.0,4.111174260823524e-06
14,11,0.0,0.0,5.3090057902216435e-06
14,12,0.0,0.0,1.3684232967148268e-05
14,13,0.0,0.0,1.53206498978431e-06
14,14,0.0,0.0,2.704409834364263e-06
14,15,0.0,0.0,3.0580217607378834e-06
14,16,0.0,0.0,4.355981447645706e-06
14,17,0.0,0.0,6.490190065322476e-06
14,18,0.0,0.0,9.02077752701347e-06
15,0,0.40216567008953835,2.6794710600388987,0.26794282056553353
15,1,0.07471196387777704,0.6544006378818866,0.06543628745733887
15,2,0.0,0.10480743735499887,0.010482541195648598
15,3,0.0,0.0,4.56303023843585e-06
15,4,0.0,0.0,2.9302470890946173e-06
15,5,0.0,0.0,5.433112173136579e-06
15,6,0.0,0.0,5.2700587284570945e-06
15,7,0.0,0.0,7.643319701933214e-06
15,8,0.0,0.0,2.135092430499697e-06
15,9,0.0,0.0,6.416613028437101e-06
15,10,0.0,0.0,7.226412863958754e-06
15,11,0.0,0.0,5.826531044461624e-06
15,12,0.0,0.0,5.551901835298967e-06
15,13,0.0,0.0,5.459936080121075e-06
15,14,0.0,0.0,2.9639121537750056e-06
15,15,0.0,0.0,5.5864806453587165e-06
15,16,0.0,0.0,5.548031589719393e-06
15,17,0.0,0.0,9.788811832056599e-06
15,18,0.0,0.0,4.446607837027549e-06
16,0,0.40216567008953835,2.6794710600388987,0.2679509871115171
16,1,0.07471196387777704,0.6544006378818866,0.06543324408716764
16,2,0.0,0.10480743735499887,0.01048165759916987
16,3,0.0,0.0,3.017911345504221e-06
16,4,0.0,0.0,3.7755965293650995e-06
16,5,0.0,0.0,7.500397163662242e-06
16,6,0.0,0.0,5.205050282741652e-06
16,7,0.0,0.0,4.851649278614367e-06
16,8,0.0,0.0,8.961761697978687e-06
16,9,0.0,0.0,4.128616652399053e-06
16,10,0.0,0.0,4.915076412481678e-06
16,11,0.0,0.0,5.486303443924533e-06
16,12,0.0,0.0,1.0940795177327711e-05
16,13,0.0,0.0,6.7079256392377225e-06
16,14,0.0,0.0,2.174080124017763e-06
16,15,0.0,0.0,3.951186125028538e-06
16,16,0.0,0.0,5.192217354443862e-06
16,17,0.0,0.0,9.497556190851687e-06
16,18,0.0,0.0,7.3750521113136185e-06
17,0,0.40216567008953835,2.6794710600388987,0.2679428602146648
17,1,0.07471196387777704,0.6544006378818866,0.06544001705028848
17,2,0.0,0.10480743735499887,0.010485375619225834
17,3,0.0,0.0,6.010706110892718e-06
17,4,0.0,0.0,5.058485713782534e-06
17,5,0.0,0.0,4.946142127448816e-06
17,6,0.0,0.0,6.173556514488255e-06
17,7,0.0,0.0,5.294845292524996e-06
17,8,0.0,0.0,2.4990850139294807e-06
17,9,0.0,0.0,1.9838125157822795e-06
17,10,0.0,0.0,4.8514880730987635e-06
17,11,0.0,0.0,5.609145196483478e-06
17,12,0.0,0.0,6.455396416515936e-06
17,13,0.0,0.0,5.254944394672556e-06
17,14,0.0,0.0,6.122998511071121e-06
17,15,0.0,0.0,2.7758123329335582e-06
17,16,0.0,0.0,5.503582417365481e-06
17,17,0.0,0.0,2.1918679479204783e-06
17,18,0.0,0.0,3.497015613362908e-06
18,0,0.40216567008953835,2.6794710600388987,0.26795203388206235
18,1,0.07471196387777704,0.6544006378818866,0.06543837406679477
18,2,0.0,0.10480743735499887,0.010473682438218179
18,3,0.0,0.0,2.645208842810831e-06
18,4,0.0,0.0,3.3232993342680037e-06
18,5,0.0,0.0,5.076344797561028e-06
18,6,0.0,0.0,9.315685297028863e-06
18,7,0.0,0.0,1.9457229507247043e-06
18,8,0.0,0.0,6.566254811113392e-06
18,9,0.0,0.0,2.7154487689418085e-06
18,10,0.0,0.0,9.57074350035336e-06
18,11,0.0,0.0,9.547695456935123e-06
18,12,0.0,0.0,4.2835039535726874e-06
18,13,0.0,0.0,2.9024257604870484e-06
18,14,0.0,0.0,1.5635343501019248e-06
18,15,0.0,0.0,8.635352865438152e-06
18,16,0.0,0.0,3.973309973759331e-06
18,17,0.0,0.0,2.918438885102237e-06
18,18,0.0,0.0,3.4269102295314546e-06
