Cycle,Latency_ms
0,237.6131
1,16.2973
2,16.5789
3,16.0085
4,17.4828
5,15.9342
6,18.6954
7,16.8156
8,17.5584
9,17.6685
10,17.5865
11,20.5487
12,18.0057
13,15.8594
14,16.0492
15,15.6335
16,17.9741
17,16.9251
18,16.2488
19,16.6754
20,16.8991
21,22.0633
22,20.3698
23,15.4379
24,17.6088
25,16.4768
26,19.6766
27,16.3690
28,16.4893
29,16.2298
30,16.6726
31,16.6741
32,20.8668
33,16.4675
34,18.5351
35,18.0055
36,16.9396
37,21.4383
38,17.0089
39,15.9169
40,15.9928
41,17.0763
42,17.0810
43,16.7334
44,20.8705
45,17.9801
46,16.7568
47,18.4197
48,17.9530
49,17.3388
50,16.2537
51,17.4734
52,16.9910
53,17.2848
54,18.2253
55,16.7019
56,16.3356
57,17.5225
58,20.3258
59,17.5806
60,17.4542
61,16.7681
62,19.5333
63,16.8325
64,16.3731
65,16.8159
66,17.2305
67,16.8325
68,17.4081
69,16.9138
70,16.1156
71,18.0830
72,17.8177
73,17.4250
74,16.8515
75,16.4633
76,16.3771
77,18.1800
78,17.5135
79,17.5304
80,16.5185
81,20.9243
82,15.8735
83,20.0168
84,16.2255
85,16.1466
86,19.5697
87,17.7497
88,17.3086
89,17.8995
90,21.7772
91,17.8522
92,16.0760
93,15.6086
94,17.2790
95,18.1875
96,16.9724
97,16.8134
98,17.1063
99,16.3099
100,20.9808
101,17.4471
102,17.2680
103,16.1203
104,16.5200
105,16.7379
106,17.9485
107,20.1654
108,19.1846
109,17.2048
110,15.6980
111,16.8134
112,16.0507
113,18.8650
114,16.8366
115,17.1203
116,17.0499
117,20.2328
118,18.3862
119,16.4847
120,21.4771
121,20.5422
122,17.2600
123,16.2525
124,17.1605
125,17.4388
126,17.0782
127,16.7611
128,16.5200
129,16.7946
130,17.5583
131,17.6171
132,20.7442
133,16.0164
134,17.1278
135,20.6926
136,21.0587
137,17.7180
138,17.5519
139,16.8764
140,16.3550
141,16.6457
142,17.2919
143,17.2996
144,16.4003
145,17.4790
146,18.0723
147,18.0665
148,17.4420
149,18.1560
150,17.7345
151,19.8907
152,16.6540
153,17.3635
154,18.1096
155,18.5669
156,17.4716
157,16.9613
158,17.7123
159,17.9527
160,17.5397
161,16.3593
162,17.3501
163,16.4465
164,16.6089
165,16.8784
166,24.4689
167,16.8642
168,15.9983
169,17.3513
170,17.8644
171,17.6805
172,17.2594
173,17.4759
174,19.8616
175,16.5793
176,16.8322
177,16.5674
178,17.7908
179,17.4846
180,16.6646
181,16.6878
182,16.3142
183,16.8949
184,17.2439
185,18.1206
186,18.2007
187,16.8002
188,17.4747
189,19.3390
190,17.6237
191,17.5536
192,16.2203
193,19.5700
194,16.9982
195,20.6300
196,20.6956
197,16.3671
198,17.0713
199,16.2821
200,16.3764
201,18.3662
202,20.7517
203,16.5991
204,16.9023
205,17.9527
206,20.4305
207,17.6370
208,17.2385
209,16.0521
210,16.7593
211,17.9277
212,17.2026
213,17.1095
214,18.5047
215,17.1170
216,17.0418
217,17.4367
218,17.2220
219,17.6228
220,17.6340
221,17.3758
222,16.3647
223,17.9512
224,17.7548
225,15.7381
226,17.7258
227,17.0041
228,28.9134
229,16.4851
230,20.5969
231,17.3653
232,17.4401
233,16.6920
234,16.6736
235,16.8099
236,17.1134
237,19.5562
238,17.1792
239,17.3692
240,17.7684
241,17.1548
242,38.6624
243,23.3627
244,16.4797
245,15.8024
246,16.2795
247,15.7697
248,17.3594
249,18.1632
250,20.3332
251,20.7139
252,16.6464
253,16.7914
254,18.0373
255,17.1259
256,16.6785
257,20.5713
258,19.3109
259,17.6837
260,17.3768
261,16.2193
262,17.9507
263,17.0058
264,17.2561
265,17.1602
266,17.9281
267,17.2375
268,16.3589
269,17.5697
270,17.6004
271,16.5803
272,17.6297
273,16.5262
274,17.6379
275,17.0219
276,16.5663
277,16.7044
278,18.0585
279,20.0927
280,16.9238
281,16.8622
282,16.5536
283,17.4315
284,18.0599
285,16.8616
286,17.4830
287,16.9656
288,16.8701
289,17.0585
290,18.7544
291,16.8231
292,18.3715
293,15.9576
294,17.2891
295,16.8289
296,17.6795
297,17.3941
298,18.5001
299,16.7692
300,18.6834
301,17.4891
302,17.9517
303,16.4128
304,16.8505
305,16.7640
306,17.5224
307,16.3981
308,18.1625
309,16.4575
310,17.5394
311,16.7072
312,16.7601
313,18.0987
314,17.3688
315,16.5413
316,17.1058
317,16.3878
318,16.9843
319,20.6179
320,18.9235
321,18.0475
322,20.2290
323,17.1481
324,17.5543
325,16.1050
326,18.0770
327,20.9740
328,16.7185
329,16.3000
330,16.6583
331,17.5853
332,17.4216
333,16.7066
334,16.3688
335,17.5913
336,17.5833
337,16.8234
338,20.0921
339,18.2717
340,21.1394
341,16.3464
342,16.8266
343,16.9099
344,17.2517
345,17.5559
346,21.8297
347,17.7779
348,16.2166
349,17.3164
350,16.4698
351,16.4829
352,19.2935
353,16.9001
354,17.2677
355,20.1853
356,17.6529
357,17.6472
358,16.2087
359,16.8027
360,16.5180
361,17.8357
362,17.8878
363,20.5167
364,17.0801
365,19.5378
366,16.6082
367,18.6064
368,16.9826
369,16.9152
370,16.9784
371,17.0868
372,17.1604
373,19.0160
374,17.9916
375,18.9735
376,16.5443
377,20.9898
378,17.5322
379,21.0776
380,19.9061
381,18.7089
382,18.2741
383,17.4521
384,17.3385
385,19.1492
386,17.5392
387,18.0078
388,17.7816
389,16.6733
390,18.5150
391,21.3358
392,17.1708
393,17.7914
394,17.0802
395,26.4608
396,22.1700
397,18.3000
398,17.0691
399,17.9695
400,17.7981
401,17.0296
402,19.7956
403,18.0415
404,17.2551
405,18.9880
406,17.3825
407,17.3681
408,19.7932
409,19.2505
410,19.1950
411,22.6063
412,17.3526
413,19.4053
414,19.9195
415,18.0157
416,17.0068
417,17.8070
418,17.9104
419,19.6511
420,17.9387
421,18.0153
422,18.8648
423,18.0640
424,19.0778
425,20.5721
426,19.9207
427,18.0127
428,18.7095
429,17.8236
430,21.2829
431,19.0500
432,24.3988
433,18.0711
434,16.9208
435,18.9806
436,23.3049
437,19.3287
438,17.2395
439,18.1637
440,19.8462
441,19.8482
442,18.3179
443,21.0258
444,19.9924
445,18.8008
446,19.5239
447,19.1590
448,17.7407
449,22.9630
450,20.4967
451,25.0023
452,19.5584
453,22.6741
454,19.4519
455,17.8184
456,18.8161
457,17.5328
458,18.1580
459,17.8843
460,18.5925
461,18.8697
462,19.1569
463,18.7683
464,18.3339
465,17.9302
466,17.9854
467,18.3302
468,17.9521
469,18.5590
470,19.2181
471,20.7458
472,17.0861
473,18.7829
474,20.0079
475,18.4219
476,16.5752
477,18.3342
478,17.8171
479,20.0372
480,18.0780
481,19.2649
482,17.6809
483,21.3563
484,18.8904
485,19.8031
486,18.6296
487,18.8497
488,19.6325
489,23.2810
490,19.7370
491,21.3281
492,21.3949
493,18.2925
494,17.9225
495,22.3083
496,19.9090
497,18.0927
498,17.5827
499,17.7842
